{
	"format_version": "1.8.0",
	"animations": {
		"animation.model.sleep": {
			"animation_length": 0.5,
			"bones": {
				"body": {
					"rotation": {
						"0.0": [0, 0, 0],
						"0.25": [0, 0, -90]
					},
					"position": {
						"0.0": [0, 0, 0],
						"0.25": [0, -5, 0]
					}
				},
				"head": {
					"rotation": {
						"0.0": [0, 0, 0],
						"0.25": [0, -107, 0]
					},
					"position": {
						"0.0": [0, 0, 0],
						"0.25": [-1.2, -4.4, 0]
					}
				},
				"leg0": {
					"rotation": {
						"0.0": [0, 0, 0],
						"0.25": [0, 0, -90]
					},
					"position": {
						"0.0": [0, 0, 0],
						"0.25": [0.1, -5.8, 0]
					}
				},
				"leg1": {
					"rotation": {
						"0.0": [0, 0, 0],
						"0.25": [-37.5, 0, -90]
					},
					"position": {
						"0.0": [0, 0, 0],
						"0.25": [0, -5.9, 0]
					}
				},
				"leg2": {
					"rotation": {
						"0.0": [0, 0, 0],
						"0.25": [0, 0, -90]
					},
					"position": {
						"0.0": [0, 0, 0],
						"0.25": [0.1, -5.8, 0]
					}
				},
				"leg3": {
					"rotation": {
						"0.0": [0, 0, 0],
						"0.25": [25.5, 0, -90]
					},
					"position": {
						"0.0": [0, 0, 0],
						"0.25": [0, -5.9, 0]
					}
				},
				"tail": {
					"rotation": {
						"0.0": [0, 0, 0],
						"0.25": [-149.5, 0, -90]
					},
					"position": {
						"0.0": [0, 0, 0],
						"0.25": [1.1, -5, 1.9]
					}
				}
			}
		},
		"animation.model.sit": {
			"animation_length": 0.54167,
			"bones": {
				"body": {
					"rotation": {
						"0.0": [0, 0, 0],
						"0.1667": [-47.5, 0, 0]
					},
					"position": {
						"0.0": [0, 0, 0],
						"0.1667": [0, 0, 0]
					}
				},
				"head": {
					"rotation": {
						"0.0": [0, 0, 0],
						"0.1667": [0, 0, 0]
					},
					"position": {
						"0.0": [0, 0, 0],
						"0.1667": [0, 3, 1.7]
					}
				},
				"leg0": {
					"rotation": {
						"0.0": [0, 0, 0],
						"0.1667": [-84.59039, 22.40972, 2.06754]
					},
					"position": {
						"0.0": [0, 0, 0],
						"0.1667": [0, -4.5, -2.4]
					}
				},
				"leg1": {
					"rotation": {
						"0.0": [0, 0, 0],
						"0.1667": [-84.59039, -22.40972, -2.06754]
					},
					"position": {
						"0.0": [0, 0, 0],
						"0.1667": [0, -4.5, -3.4]
					}
				},
				"leg2": {
					"rotation": {
						"0.0": [0, 0, 0],
						"0.1667": [-16.9122, -1.7513, -5.73962]
					},
					"position": {
						"0.0": [0, 0, 0],
						"0.1667": [0, -0.28, -0.48]
					}
				},
				"leg3": {
					"rotation": {
						"0.0": [0, 0, 0],
						"0.1667": [-15.7691, 2.74345, 8.62]
					},
					"position": {
						"0.0": [0, 0, 0],
						"0.1667": [0, 0, -0.4]
					}
				},
				"tail": {
					"rotation": {
						"0.0": [0, 0, 0],
						"0.1667": [0, 0, 0]
					},
					"position": {
						"0.0": [0, 0, 0],
						"0.1667": [0, -5.6, -2.4]
					}
				}
			}
		}
	}
}